0,83.2778,0,46.9444,0,53.6667,0,74.722,0,48.8889,0,89.5,0,86.8333,0,76.7778,0,78.5556,0,49.6667,0,39,0,56.2778,0,20.2778,0,58.5556,0,29.3333,0,84.7222,0,79.8889,0,80.8333,0,62.1667,0,84.1667,0,54.3889,0,83.7222,0,78.5556,0,93.3333,0,46.7222,0,70.6667,0,59.4444,0,79.444,0,44.8889,0,104.2222,0,59.7222,0,29.0556,0,64,0,52.2778,0,93.6111,0,21,0,28.7222,0,107.2778,0,100.6667,0,77.6667,0,84.6667,0,5.9444,0,113.1667,0,38.5556,0,100.3889,0,32.2222,0,41.3333,0,86.7222,0,50.3889,0,10.1111,0,93.111,0,60.7778,0,32.6667,0,98.6667,0,1.4444,0,97.8333,0,41.2778,0,53.1111,0,46.3333,0,70.1667,0,81.1111,0,117.2778,0,0,0,19.4444,0,30.2778,0,36.5556,0,85.4444,0,100.8333,0,39.6111,0,51.5,0,47.9444,0,55.3889,0,44.5,0,65.1111,0,3.2222,0,8.444,0,12.4444,0,11.5556,0,4.3333,0,108.3333,0,0,0,16.5556,0,10.4444,0,80.1667,0,71.1667,0,4.7222,0,79.1667,0,16.6111,0,75.6111,0,29,0,29.1667,0,91.4444,0,72.8333,55.2222,71.1667,0,50.9444,0,32.1111,0,63.5556,0,44.7778,0,90.2222,0,56,0,91.2778,0,61.3889,0,55.1111,0,19.2222,0,109.5,0,10.7222,0,9.1111,0,52.7222,0,106.2222,0,40.8333,0,78,0,35.4444
0.13333,91.7222,0.13333,70.3333,60.3889,0.13333,73.556,0.13333,87.1667,0.13333,87.3333,0.13333,66.3889,0.13333,98,0.13333,86.1111,0.13333,78.0556,0.13333,53.2222,0.13333,72.8889,0.13333,38.1667,0.13333,67.2222,0.13333,47.7778,0.13333,73.3889,0.13333,61,0.13333,65.3889,0.13333,38.3333,0.13333,86.2778,0.13333,57.8333,0.13333,62.0556,0.133333,72.1667,0.13333,70.4444,0.13333,52.8889,0.13333,81.7222,0.13333,64.3889,0.13333,113.167,0.13333,78.3333,0.13333,102.6667,0.133333,78.7222,0.13333,45.7222,0.13333,105.556,0.13333,95.0556,0.13333,99.1111,0.13333,49.5,0.13333,47.4444,0.13333,116,0.13333,95.2222,0.13333,93.1111,0.13333,77.5,0.13333,31.9444,0.13333,111.8889,0.13333,50.3889,0.13333,104.5,0.13333,20.1667,0.13333,56.7778,0.13333,66.3333,0.13333,59.2222,0.13333,52.4444,0.13333,100.056,0.13333,70.8889,0.13333,45.6111,0.13333,84.1667,0.13333,28.2778,0.133333,107.3333,0.13333,40.2778,0.13333,54.8889,0.13333,82.5,0.13333,88.6111,0.13333,95.7778,0.13333,117.1111,0.13333,9.2778,0.13333,50.8333,0.13333,34.5,0.13333,28.9444,0.13333,97.9444,0.13333,107.5556,0.13333,47.6667,0.13333,69.3333,0.133333,73.6111,0.13333,68.8333,0.13333,57.7222,0.13333,92.8889,0.13333,47.3333,0.13333,37.278,0.13333,51.0556,0.13333,44.7222,0.13333,20.6111,0.13333,123.6667,0.13333,10.2222,0.13333,23.3333,0.133333,46.5556,0.13333,96.7778,0.13333,83.6667,0.13333,23.1667,0.13333,106.3333,0.13333,47.2222,0.13333,95.5,0.13333,54.1667,0.13333,66.9444,0.133333,96.1111,0.13333,80.5556,0.13333,81.6667,67.4444,0.13333,48.2222,0.13333,38.7222,0.13333,42.1667,0.13333,41.9444,0.13333,82.2222,0.13333,36.5,0.13333,80.7222,0.13333,62.4444,0.13333,58.5,0.13333,28.8889,0.13333,111.6667,0.13333,14.7222,0.13333,22.1111,0.13333,88.5556,0.13333,88.8333,0.13333,80.9444,0.13333,51.1667,0.13333,71.6111
0.26667,94,0.26667,68.1111,64.5556,0.26667,74.222,0.26667,96.9444,0.26667,53.2778,0.26667,33,0.26667,103.4444,0.26667,72.8333,0.26667,90.0556,0.26667,64.2778,0.26667,49.1111,0.26667,44.5556,0.26667,45.5556,0.26667,57.9444,0.26667,50,0.26667,35.6111,0.26667,48.8333,0.26667,24.9444,0.26667,83.7222,0.26667,58.8889,0.26667,32.3889,0.266667,58.0556,0.26667,40.8333,0.26667,58.6667,0.26667,86.9444,0.26667,63.2778,0.26667,119.778,0.26667,74.2222,0.26667,101.9444,0.266667,64.6111,0.26667,55.5,0.26667,96.667,0.26667,107.6111,0.26667,84.1111,0.26667,46.5,0.26667,39.2778,0.26667,115.0556,0.26667,67.2222,0.26667,67.1667,0.26667,64.4444,0.26667,42.8889,0.26667,109.2778,0.26667,55.5,0.26667,99.2778,0.26667,10.5556,0.26667,63.6667,0.26667,29.9444,0.26667,66.6667,0.26667,86.1111,0.26667,102.611,0.26667,66.5556,0.26667,39,0.26667,80.4444,0.26667,79.3889,0.266667,84.6111,0.26667,36.6111,0.26667,54.6667,0.26667,91.3333,0.26667,92.8889,0.26667,106.7778,0.26667,109.7222,0.26667,22.1667,0.26667,52.8333,0.26667,34.1667,0.26667,14,0.26667,89.1667,0.26667,82.7778,0.26667,50.7778,0.26667,65,0.266667,80.4444,0.26667,71.7222,0.26667,65.1111,0.26667,101.1111,0.26667,72.2778,0.26667,56.889,0.26667,72.6111,0.26667,65.3889,0.26667,35.3889,0.26667,124,0.26667,46.3333,0.26667,24.9444,0.266667,74.6111,0.26667,99.5,0.26667,83.1111,0.26667,42.1667,0.26667,110.8889,0.26667,57.5556,0.26667,82.2222,0.26667,65.0556,0.26667,83.3889,0.266667,75.8333,0.26667,81.1111,0.26667,80.5556,69.6111,0.26667,33.8333,0.26667,38.2778,0.26667,29.1667,0.26667,37.6667,0.26667,71.3889,0.26667,12.2778,0.26667,53.1111,0.26667,62.2222,0.26667,65.4444,0.26667,28.8333,0.26667,108.3333,0.26667,15.1667,0.26667,34.6667,0.26667,91.9444,0.26667,66.8333,0.26667,92.3889,0.26667,28.5,0.26667,90
0.4,98.8889,0.4,53,71.1111,0.4,71.833,0.4,90.8889,0.4,41,0.4,26.7222,0.4,100.2222,0.4,54.6111,0.4,92.1667,0.4,72.3889,0.4,25.6667,0.4,40.5,0.4,29.8333,0.4,63.3333,0.4,38,0.4,27.1667,0.4,38.2222,0.4,26.7778,0.4,77.8333,0.4,50.7778,0.4,16.9444,0.4,52.7222,0.4,19.1667,0.4,58.9444,0.4,86.5556,0.4,55.7778,0.4,117,0.4,44.7222,0.4,91.7778,0.4,63.9444,0.4,63.8333,0.4,60.333,0.4,111,0.4,72.7778,0.4,31.1111,0.4,28.4444,0.4,103.8889,0.4,50.7222,0.4,36.1667,0.4,59.5556,0.4,52.3333,0.4,104.7222,0.4,58.1111,0.4,78.8889,0.4,3.9444,0.4,65.1667,0.4,15.0556,0.4,74.4444,0.4,84,0.4,95.611,0.4,63.8889,0.4,30.6667,0.4,80.6667,0.4,99.5,0.4,51.8889,0.4,30.6111,0.4,49.6667,0.4,74.9444,0.4,84.0556,0.4,110.3333,0.4,89.5556,0.4,29.8889,0.4,30.1667,0.4,31.8333,0.4,14.8889,0.4,65,0.4,58,0.4,48.8333,0.4,49.5556,0.4,75.3333,0.4,72.2222,0.4,75.7222,0.4,76,0.4,54.8889,0.4,66.778,0.4,58.1111,0.4,64.7778,0.4,45.8333,0.4,123,0.4,62.7778,0.4,26.7778,0.4,76.8889,0.4,87.7778,0.4,81.8333,0.4,56.1667,0.4,111.9444,0.4,68.4444,0.4,49.3333,0.4,65.0556,0.4,79.1667,0.4,52.7778,0.4,84.3333,0.4,77.1111,72.9444,0.4,29.2778,0.4,34.8333,0.4,18.7222,0.4,32.0556,0.4,60.6111,0.4,2.1111,0.4,37.3889,0.4,58.5,0.4,73.4444,0.4,29.0556,0.4,103.5,0.4,13.6111,0.4,41.8333,0.4,69.3889,0.4,56.8889,0.4,64.6667,0.4,27.1111,0.4,89.5
0.53333,102.3889,0.53333,36.6667,71.9444,0.53333,72.333,0.53333,66.2222,0.53333,32.5556,0.53333,31.1667,0.53333,90.9444,0.53333,45.3333,0.53333,86.6667,0.53333,72.8889,0.53333,17,0.53333,35.1111,0.53333,26.3889,0.53333,74.3333,0.53333,40.6111,0.53333,27.3889,0.53333,26.0556,0.53333,36.3333,0.53333,73.9444,0.53333,33.8889,0.53333,8.1111,0.533333,48.6111,0.53333,3.1111,0.53333,52.9444,0.53333,84.9444,0.53333,44.4444,0.53333,77.556,0.53333,28.8333,0.53333,84.2222,0.533333,63.0556,0.53333,68.1667,0.53333,25.833,0.53333,100.8333,0.53333,66.2778,0.53333,20.5556,0.53333,20.5,0.53333,82.4444,0.53333,41.8333,0.53333,22.5556,0.53333,69.1667,0.53333,56.1111,0.53333,92.1667,0.53333,48.8333,0.53333,59.7222,0.53333,2.0556,0.53333,64.8333,0.53333,11.8333,0.53333,69.2778,0.53333,56,0.53333,91.5,0.53333,61.5,0.53333,25.0556,0.53333,80.1667,0.53333,87.3889,0.533333,42.6667,0.53333,19.6111,0.53333,45.9444,0.53333,51.5,0.53333,61.4444,0.53333,110.2222,0.53333,85.8333,0.53333,35.8333,0.53333,14.1667,0.53333,29.4444,0.53333,25,0.53333,52.3333,0.53333,52.8889,0.53333,40.8889,0.53333,35.7222,0.533333,68.1111,0.53333,68.3333,0.53333,75.8333,0.53333,44.5556,0.53333,41.3889,0.53333,68.278,0.53333,30.3889,0.53333,54.1667,0.53333,49.6111,0.53333,114.5,0.53333,62.4444,0.53333,24.5556,0.533333,75.1667,0.53333,77,0.53333,81.7222,0.53333,71.1111,0.53333,111.6667,0.53333,77.6111,0.53333,30.9444,0.53333,62.0556,0.53333,69,0.533333,44.3889,0.53333,84.5556,0.53333,70.4444,65.5556,0.53333,33.4444,0.53333,30.0556,0.53333,8.8889,0.53333,24.5556,0.53333,57.6667,0.53333,3.9444,0.53333,28.6111,0.53333,52.1667,0.53333,73.0556,0.53333,27.7222,0.53333,92.6111,0.53333,14.5556,0.53333,45.2222,0.53333,56.6111,0.53333,50.5,0.53333,55.5,0.53333,32.1111,0.53333,79.5556
0.66667,104.2222,0.66667,21.6667,64.6667,0.66667,60,0.66667,52.6667,0.66667,29,0.66667,40.5,0.66667,77.1111,0.66667,36.5,0.66667,80.8889,0.66667,68.7222,0.66667,25.1667,0.66667,27.8333,0.66667,20.5,0.66667,69.8889,0.66667,51.9444,0.66667,25.6111,0.66667,15.2222,0.66667,47.8333,0.66667,66.7222,0.66667,19.3889,0.66667,0.4444,0.666667,42.2222,0.66667,0,0.66667,44.7778,0.66667,83.3333,0.66667,32.3889,0.66667,32.056,0.66667,28.0556,0.66667,72.7222,0.666667,65.0556,0.66667,63.0556,0.66667,5.444,0.66667,76.0556,0.66667,50.9444,0.66667,14.5,0.66667,22.6111,0.66667,61,0.66667,39.7222,0.66667,22.2778,0.66667,76.3889,0.66667,56.6111,0.66667,86.7778,0.66667,29.9444,0.66667,42.7778,0.66667,1.1111,0.66667,59.0556,0.66667,14.2222,0.66667,58.1111,0.66667,41.3889,0.66667,92,0.66667,51.5,0.66667,20.6111,0.66667,85.4444,0.66667,57,0.666667,41.6667,0.66667,9.8333,0.66667,46.5556,0.66667,39.3333,0.66667,39.5,0.66667,109.6667,0.66667,92.7778,0.66667,45.0556,0.66667,8.2222,0.66667,28.7778,0.66667,38,0.66667,55,0.66667,57.2778,0.66667,30.8333,0.66667,30.1667,0.666667,68.7778,0.66667,67.2222,0.66667,66.6667,0.66667,42.6111,0.66667,44.6667,0.66667,63.333,0.66667,15.7778,0.66667,40.5556,0.66667,51.7778,0.66667,91.5556,0.66667,57.6667,0.66667,18.6111,0.666667,74.1111,0.66667,68.8333,0.66667,78.8333,0.66667,77.2222,0.66667,107.8333,0.66667,77.1667,0.66667,14.7222,0.66667,56.1667,0.66667,56.8889,0.666667,43.1111,0.66667,85.3333,0.66667,63.6667,57.5,0.66667,41.1667,0.66667,27.7222,0.66667,1.1667,0.66667,17.2778,0.66667,53.6111,0.66667,4.1111,0.66667,21.7222,0.66667,46.9444,0.66667,69.7222,0.66667,25.1667,0.66667,73.4444,0.66667,11.0556,0.66667,50.7778,0.66667,49.7222,0.66667,42.8889,0.66667,68.8889,0.66667,32.7222,0.66667,71.4444
0.8,108.8333,0.8,7.2222,54.4444,0.8,46.056,0.8,38.7778,0.8,29.6111,0.8,52.1667,0.8,68.1111,0.8,28.6667,0.8,73.2778,0.8,64,0.8,35.2778,0.8,24.5,0.8,15.1667,0.8,62.7222,0.8,57.7222,0.8,21.2222,0.8,2.2222,0.8,63.1111,0.8,54.8889,0.8,10.7778,0.8,0,0.8,48.7778,0.8,0,0.8,39.8889,0.8,72.6667,0.8,17.0556,0.8,3.444,0.8,32.2222,0.8,62.2222,0.8,71.3889,0.8,55.8333,0.8,9.167,0.8,69.6667,0.8,36.3889,0.8,13.1111,0.8,30.2778,0.8,47.6667,0.8,51.8889,0.8,27.9444,0.8,82.9444,0.8,61.2778,0.8,87.9444,0.8,14,0.8,31.5556,0.8,3.2778,0.8,49.5556,0.8,19.6111,0.8,45.6667,0.8,38.5556,0.8,96.056,0.8,35,0.8,14.8889,0.8,86.5,0.8,38.3333,0.8,48.6111,0.8,3.7222,0.8,39.2222,0.8,34.9444,0.8,17.3333,0.8,98.5556,0.8,100.3333,0.8,43.3889,0.8,14.6111,0.8,24.8889,0.8,50.1111,0.8,60.4444,0.8,67.8333,0.8,18.7222,0.8,34.3889,0.8,78.3333,0.8,57.7778,0.8,53.6667,0.8,54.2222,0.8,45.1667,0.8,61.5,0.8,13.2222,0.8,28.2222,0.8,44.8333,0.8,80.8889,0.8,49.3333,0.8,11.6111,0.8,81.8889,0.8,57.1667,0.8,75.2222,0.8,78.5,0.8,93.3333,0.8,70.1111,0.8,1.7222,0.8,54.2222,0.8,35.4444,0.8,55.0556,0.8,83.7778,0.8,53,45.7778,0.8,50.6667,0.8,21.2778,0.8,0,0.8,16.1667,0.8,36.6111,0.8,5.8889,0.8,12.5,0.8,44.3889,0.8,60.2222,0.8,21.5556,0.8,48.5556,0.8,3.8889,0.8,53.8889,0.8,41.8333,0.8,32.6667,0.8,86,0.8,38.8889,0.8,65.6667
0.93333,104.8889,0.93333,1,40.0556,0.93333,33.667,0.93333,20,0.93333,21.6111,0.93333,65.1111,0.93333,58.5,0.93333,13.8333,0.93333,58.8333,0.93333,52.4444,0.93333,51.3333,0.93333,19.4444,0.93333,7.8889,0.93333,48.1111,0.93333,58.1111,0.93333,24.2222,0.93333,0,0.93333,83.4444,0.93333,42.3333,0.93333,11.8889,0.93333,1.6111,0.933333,52,0.93333,5.1111,0.93333,57.5,0.93333,55.7778,0.93333,8.2778,0.93333,0,0.93333,40.3333,0.93333,55.7222,0.933333,67.8333,0.93333,50.6111,0.93333,26.889,0.93333,78.7778,0.93333,28.1111,0.93333,6.5556,0.93333,35.3333,0.93333,39.2222,0.93333,82.6667,0.93333,36.5,0.93333,94.4444,0.93333,56.9444,0.93333,91.1111,0.93333,3.0556,0.93333,29.7778,0.93333,4.8889,0.93333,34.7778,0.93333,28.8333,0.93333,32.3333,0.93333,41.3333,0.93333,90.889,0.93333,23.3333,0.93333,15.1667,0.93333,73.7222,0.93333,33.8333,0.933333,67.5,0.93333,3,0.93333,36.0556,0.93333,26.6667,0.93333,2.2222,0.93333,67.8889,0.93333,101.8889,0.93333,35.7778,0.93333,22.7222,0.93333,15.0556,0.93333,60.3333,0.93333,56.6111,0.93333,92.3889,0.93333,15.4444,0.93333,41.4444,0.933333,95.9444,0.93333,47.3333,0.93333,42.5,0.93333,72.1111,0.93333,45.6667,0.93333,63.778,0.93333,18.3889,0.93333,24.3333,0.93333,38.9444,0.93333,76.9444,0.93333,40.1667,0.93333,2.6667,0.933333,90.4444,0.93333,50.8333,0.93333,69.3333,0.93333,77.6111,0.93333,76.1111,0.93333,65.2222,0.93333,0.6111,0.93333,59.7222,0.93333,11,0.933333,84.7222,0.93333,77.5,0.93333,38.7222,36.8333,0.93333,53.5556,0.93333,9.2222,0.93333,0,0.93333,16.3333,0.93333,18.1667,0.93333,10.3889,0.93333,6.4444,0.93333,41,0.93333,48.6667,0.93333,16.7222,0.93333,28.1111,0.93333,0.5,0.93333,52.2778,0.93333,24.1667,0.93333,17.3333,0.93333,88.2778,0.93333,48.6111,0.93333,59.7778
1.06667,100.6667,1.06667,0.6111,16.1111,1.06667,21.167,1.06667,7.3333,1.06667,9.3889,1.06667,76.8889,1.06667,47.5,1.06667,1.8889,1.06667,46.9444,1.06667,42.6667,1.06667,71.6667,1.06667,15.3889,1.06667,1.7222,1.06667,30.5,1.06667,63.8333,1.06667,42.5,1.06667,2.7222,1.06667,83.8333,1.06667,33,1.06667,13.5556,1.06667,13,1.066667,23.3889,1.06667,25.1667,1.06667,85.8889,1.06667,40.2778,1.06667,10.9444,1.06667,0,1.06667,47.1667,1.06667,51.2778,1.066667,56.2222,1.06667,43.8889,1.06667,42.833,1.06667,92.1667,1.06667,23.6111,1.06667,1.3889,1.06667,37.0556,1.06667,31.3333,1.06667,99.7222,1.06667,45.7778,1.06667,110.6111,1.06667,51.1667,1.06667,94.6111,1.06667,3.6111,1.06667,47.1111,1.06667,6.9444,1.06667,19.0556,1.06667,44.5556,1.06667,24.4444,1.06667,43.8333,1.06667,78.5,1.06667,23.8889,1.06667,20.2222,1.06667,43.8333,1.06667,46.3333,1.066667,84.8889,1.06667,2.9444,1.06667,34.8333,1.06667,29.2222,1.06667,3.6111,1.06667,44.5556,1.06667,106.9444,1.06667,28.5556,1.06667,22.4444,1.06667,8,1.06667,76.3333,1.06667,50.1111,1.06667,104.4444,1.06667,18.4444,1.06667,48.5556,,,1.06667,38.2778,1.06667,30.7778,1.06667,93.2778,1.06667,47.6667,1.06667,75.556,1.06667,32.2778,1.06667,28.4444,1.06667,33.5556,1.06667,73.3333,1.06667,43.6111,1.06667,0,1.066667,83.1667,1.06667,49,1.06667,63.4444,1.06667,67.5556,1.06667,68.2778,1.06667,63.2222,1.06667,11.1667,1.06667,80.5556,1.06667,0.9444,1.066667,103.7778,1.06667,68.1111,1.06667,33.5,23.1111,1.06667,52.3889,1.06667,3.5,1.06667,0,1.06667,8.3333,1.06667,9.9444,1.06667,15.1667,1.06667,0.8333,1.06667,36.7778,1.06667,41.3889,1.06667,12.8333,1.06667,17.8333,1.06667,0.1111,1.06667,45.2778,1.06667,5.0556,1.06667,9.6111,1.06667,67.2222,1.06667,59.8333,1.06667,51.6667
1.2,95.1111,1.2,3,13.6667,1.2,9.778,1.2,16.7778,1.2,6.7222,1.2,85.7222,1.2,41.1667,1.2,1.9444,1.2,38.1111,1.2,38.7778,1.2,83.6111,1.2,17.2222,1.2,3.5,1.2,16.6667,1.2,75,1.2,57.3889,1.2,16.5,1.2,57.3889,1.2,32.9444,1.2,18.1111,1.2,26.7222,,,1.2,38.0556,1.2,82,1.2,30.2222,1.2,16.8889,1.2,0,1.2,61.8333,1.2,47.2222,,,1.2,36,1.2,53.833,1.2,98.7222,1.2,21.5556,1.2,0.3333,1.2,40.3333,1.2,27.5,1.2,64.9444,1.2,60.6667,1.2,116.1111,1.2,47.4444,1.2,97.2222,1.2,11.7222,1.2,62.8333,1.2,13,1.2,7.6111,1.2,61.8889,1.2,33.7222,1.2,46.1111,1.2,59.111,1.2,28.0556,1.2,23.5,1.2,33.8889,1.2,65.7778,,,1.2,9.3889,1.2,26.1667,1.2,50.8333,1.2,22.3889,1.2,50.1111,1.2,113.6111,1.2,24.8333,1.2,27.4444,1.2,2.9444,1.2,94.5,1.2,52.3333,1.2,91.6667,1.2,28.5556,1.2,56.1111,,,1.2,32.1111,1.2,20.1667,1.2,102.3333,1.2,52.8333,1.2,90.111,1.2,47.0556,1.2,36.5556,1.2,26.5,1.2,74.3333,1.2,62.5,1.2,0,,,1.2,57.1667,1.2,59.5,1.2,52.1111,1.2,60.4444,1.2,67.7222,1.2,31.2778,1.2,102.2222,1.2,9.1667,,,1.2,59.8333,1.2,37.4444,8.0556,1.2,56.8333,1.2,2,1.2,1.3333,1.2,0.3889,1.2,12.0556,1.2,23.3333,1.2,1.8889,1.2,29.9444,1.2,33.6667,1.2,7.8889,1.2,16.3333,1.2,5.8333,1.2,42.9444,1.2,0,1.2,9.1111,1.2,45.6111,1.2,66.2222,1.2,39
1.33333,90.6667,1.33333,7.1111,32.3889,1.33333,1.167,1.33333,35.4444,1.33333,9.9444,1.33333,79.5556,1.33333,42.1667,1.33333,9.3889,1.33333,23.5,1.33333,32.4444,,,1.33333,25.8333,1.33333,15.1111,1.33333,9.2222,1.33333,88.5556,1.33333,66,1.33333,25.6111,,,1.33333,37.3333,1.33333,25.1667,1.33333,37.7778,,,1.33333,55.8889,,,1.33333,22,1.33333,25.0556,1.33333,8.056,1.33333,71.3333,1.33333,50.1111,,,1.33333,29.6111,1.33333,61.389,1.33333,107.5,1.33333,29.2778,1.33333,4.6667,,,1.33333,28.5,,,,,1.33333,116.5,1.33333,41.1667,1.33333,98.0556,1.33333,23.3889,,,1.33333,17.4444,1.33333,0.9444,1.33333,67.8333,1.33333,59.8333,1.33333,48.8889,1.33333,34.722,1.33333,35.9444,1.33333,25.8333,1.33333,59.9444,1.33333,81.2778,,,1.33333,20.2778,1.33333,14.6667,1.33333,79.2222,1.33333,39.1667,1.33333,70,1.33333,112.6111,1.33333,17.6667,1.33333,40.3889,1.33333,0.2222,1.33333,97.0556,1.33333,65.1111,1.33333,45.7222,1.33333,43.5556,1.33333,64.7778,,,1.33333,22.1111,1.33333,14.1667,1.33333,93.5,1.33333,52.7222,1.33333,103.333,1.33333,50.1667,1.33333,40.7778,1.33333,22.9444,1.33333,80.6111,1.33333,83.4444,1.33333,0,,,1.33333,75.8333,1.33333,51,1.33333,40,1.33333,51.9444,1.33333,91.3889,1.33333,48.0556,,,1.33333,21.8333,,,1.33333,49.7222,1.33333,52.1111,0.7778,1.33333,58.0556,1.33333,0.1667,1.33333,14.0556,1.33333,0,1.33333,25.4444,1.33333,27.3333,1.33333,18.4444,1.33333,25.9444,1.33333,19.7778,1.33333,2.0556,1.33333,19.7778,1.33333,20.5556,1.33333,42.2222,1.33333,4,1.33333,17.1667,1.33333,26.3889,1.33333,69.5,1.33333,25.5556
1.46667,80.0556,1.46667,13.0556,49.1111,1.46667,4.278,1.46667,46.3333,1.46667,21.4444,1.46667,55.0556,1.46667,54.5,1.46667,24.1667,1.46667,13.6667,1.46667,30.7778,,,1.46667,33,1.46667,33.3889,1.46667,18.4444,1.46667,89.5,1.46667,64.7778,1.46667,29.8333,,,1.46667,29.6111,1.46667,38.7778,1.46667,45.2222,,,1.46667,73.2778,,,1.46667,22.6667,1.46667,30.0556,1.46667,23.5,,,1.46667,72.4444,,,1.46667,23.1667,1.46667,62.389,1.46667,115,1.46667,51.5556,1.46667,14.0556,,,1.46667,47.8333,,,,,1.46667,115.1667,1.46667,34.6111,1.46667,96.2222,1.46667,15.5556,,,1.46667,22.6667,1.46667,1.5556,1.46667,44.2778,,,1.46667,55.2778,1.46667,10.889,1.46667,57.8333,1.46667,28.8333,1.46667,83.6667,1.46667,86.6111,,,1.46667,28.9444,1.46667,2.1111,,,1.46667,49.2778,1.46667,79.8889,1.46667,108.0556,1.46667,3.6111,1.46667,57.7778,1.46667,3.6667,1.46667,74.9444,,,,,1.46667,62.7222,1.46667,70.8889,,,1.46667,9.6667,1.46667,13.3889,,,1.46667,28.5,1.46667,110.111,1.46667,53.5556,1.46667,43.6111,1.46667,23.7778,1.46667,88.6667,1.46667,91.2778,1.46667,0.2222,,,1.46667,86.8333,1.46667,43.1667,1.46667,28.6111,1.46667,48.1111,1.46667,110,1.46667,58.7778,,,1.46667,36.8333,,,1.46667,37.7222,1.46667,82.6667,5.5,1.46667,34.3333,1.46667,0,1.46667,23.3889,1.46667,3,1.46667,36.9444,1.46667,23.9444,1.46667,29.2778,1.46667,21.1111,1.46667,14.1667,1.46667,0.2778,1.46667,25.8889,1.46667,35.2778,1.46667,45.6111,1.46667,27.2222,1.46667,39.2778,1.46667,11.9444,1.46667,73.6667,1.46667,33.6667
1.6,67.2778,1.6,21.6667,56.6667,1.6,18.611,1.6,58.2222,1.6,29.3333,1.6,7.3889,1.6,59.2778,1.6,36.1111,1.6,7.7222,1.6,36.2778,,,,,1.6,38.8889,1.6,37.4444,1.6,63.9444,1.6,69.4444,1.6,34.3333,,,1.6,24.2222,1.6,41.4444,1.6,44.9444,,,1.6,78.6111,,,1.6,35.9444,1.6,17.1111,1.6,35.5,,,1.6,100.9444,,,1.6,19.5,1.6,59.944,1.6,117.8333,1.6,87.2222,1.6,20.5556,,,1.6,84.8333,,,,,1.6,111.8333,1.6,24.7222,1.6,90,,,,,1.6,28.7222,1.6,4.0556,,,,,1.6,60.6667,1.6,1.111,1.6,78.8889,1.6,37.8889,1.6,92.3333,1.6,86.4444,,,1.6,28.9444,1.6,7.3333,,,1.6,63.0556,1.6,82.3333,1.6,98.1667,1.6,0.1111,,,1.6,19.1111,,,,,,,1.6,84.6111,1.6,71.5556,,,1.6,15.3889,1.6,13.1111,,,,,1.6,109.722,1.6,62.2778,1.6,44,1.6,32.1111,1.6,99.8889,,,1.6,5.8889,,,1.6,70.5,1.6,36.8333,1.6,22.5,1.6,68.0556,1.6,111.1667,1.6,66.8889,,,1.6,46,,,1.6,31.5,1.6,100.0556,24.8889,,,1.6,0,1.6,30.7778,1.6,13.2222,1.6,44.1667,1.6,21.4444,1.6,32.8889,1.6,19.0556,1.6,27.6111,1.6,0.9444,1.6,38.9444,1.6,47.8889,1.6,46.6111,1.6,58.1111,1.6,68.5,1.6,2.4444,1.6,79.4444,1.6,51.7778
1.73333,60.0556,1.73333,29.2222,66.3333,1.73333,33.444,1.73333,64.4444,1.73333,41.1667,,,1.73333,35.9444,1.73333,48.5,1.73333,1.2778,1.73333,51.7222,,,,,,,1.73333,54.1111,,,,,1.73333,36.6111,,,1.73333,41.4444,1.73333,20.8889,1.73333,40.5,,,1.73333,77.3889,,,1.73333,50.4444,,,1.73333,40.944,,,,,,,1.73333,20.8889,,,1.73333,117.1667,1.73333,88.7778,1.73333,26.8333,,,1.73333,98.7778,,,,,,,1.73333,19.2778,1.73333,84.2778,,,,,1.73333,33.6667,1.73333,9.5,,,,,1.73333,60,1.73333,9.389,,,1.73333,41.3889,1.73333,92.7222,1.73333,77.3333,,,,,1.73333,28.5556,,,1.73333,71.3333,1.73333,80.1667,,,1.73333,0,,,1.73333,32.1111,,,,,,,,,1.73333,67.5,,,1.73333,37.7778,1.73333,16.2222,,,,,1.73333,107.389,,,1.73333,39.5,,,1.73333,109.2222,,,1.73333,22.3333,,,,,1.73333,36,1.73333,14.1667,1.73333,94.9444,,,1.73333,70.4444,,,1.73333,56.4444,,,1.73333,41.2778,,,35.6111,,,1.73333,1.6667,1.73333,36.3889,1.73333,19,1.73333,49.5556,,,1.73333,33.7778,1.73333,21.8333,1.73333,43.7778,1.73333,2.2222,1.73333,57,1.73333,72.8889,1.73333,50.2778,1.73333,85.5,1.73333,74.3889,1.73333,0.0556,1.73333,82.0556,1.73333,64.2778
1.86667,58.5556,1.86667,35.8889,80.4444,1.86667,45,1.86667,73.0556,1.86667,43.3889,,,,,1.86667,58.5,1.86667,0,1.86667,65.9444,,,,,,,1.86667,77.2222,,,,,1.86667,40.3333,,,1.86667,60.4444,1.86667,0.7778,1.86667,35.7222,,,1.86667,70.7222,,,1.86667,62.1111,,,1.86667,37.111,,,,,,,1.86667,30.6667,,,1.86667,114.5556,1.86667,53.4444,,,,,1.86667,80.1667,,,,,,,1.86667,16,1.86667,83.2222,,,,,1.86667,37.3333,1.86667,17.1667,,,,,1.86667,55.7222,1.86667,30.222,,,1.86667,43.8889,1.86667,93.8889,,,,,,,1.86667,43.8333,,,1.86667,79.7778,1.86667,83.5556,,,1.86667,8.3889,,,1.86667,39.3333,,,,,,,,,1.86667,62.4444,,,1.86667,62.2778,1.86667,28.7778,,,,,1.86667,100.056,,,1.86667,38.8889,,,1.86667,109.4444,,,1.86667,47.6111,,,,,1.86667,38.6111,1.86667,4.8333,1.86667,100.7778,,,1.86667,68,,,1.86667,59.1111,,,1.86667,57.3889,,,39.6111,,,1.86667,12.3333,1.86667,38.1667,1.86667,22.3889,1.86667,52,,,1.86667,34.0556,1.86667,26.7222,1.86667,50.4444,1.86667,6.6667,1.86667,72.8889,,,1.86667,45.3889,1.86667,99.7222,,,1.86667,4.2222,,,1.86667,60.6111
2,70.5,2,38.3333,84.6111,2,55.222,2,78.7222,2,43.7778,,,,,2,70,2,3,,,,,,,,,2,87.8333,,,,,2,39.8889,,,2,68.5556,,,,,,,2,61.0556,,,2,71.6667,,,,,,,,,,,2,46.5556,,,2,109.4444,,,,,,,,,,,,,,,2,16.8889,2,72.4444,,,,,2,37.5556,2,23,,,,,2,50.4444,2,50.222,,,2,44,2,102.1667,,,,,,,2,52.5556,,,2,80.6111,2,85,,,2,18.3333,,,2,48.2222,,,,,,,,,2,44.6111,,,2,81.6667,2,47.1667,,,,,,,,,2,34.0556,,,2,109.5,,,2,62.3889,,,,,2,46.2778,2,6.3333,,,,,2,60.6111,,,2,58.1667,,,2,68.3333,,,50.7778,,,2,37.1111,2,38.6667,2,19.2222,,,,,2,32.2222,2,41.0556,2,56.5,2,13.0556,2,93,,,2,34.8889,2,96.3333,,,2,22.8333,,,2,56.7778
2.13333,98.5556,2.13333,38.7222,89,2.13333,69.833,2.13333,79.5556,2.13333,45.6111,,,,,2.13333,76.8333,2.13333,20.9444,,,,,,,,,2.13333,71.5556,,,,,2.13333,38.3889,,,2.13333,74.0556,,,,,,,,,,,2.13333,64.3889,,,,,,,,,,,2.13333,62.8889,,,2.13333,98.5556,,,,,,,,,,,,,,,2.13333,27.4444,2.13333,59.5556,,,,,2.13333,40.2778,2.13333,16.7222,,,,,2.13333,43.8889,2.13333,66.778,,,2.13333,44.1111,2.13333,113.1111,,,,,,,2.13333,60,,,2.13333,81.9444,2.13333,86.7222,,,2.13333,22.1111,,,2.13333,54.2778,,,,,,,,,,,,,2.13333,89.3889,2.13333,67.8333,,,,,,,,,2.13333,26.4444,,,2.13333,107.4444,,,,,,,,,2.13333,57.1667,2.13333,23.8333,,,,,2.13333,49.4444,,,2.13333,61.1667,,,2.13333,70.6111,,,63.9444,,,2.13333,49.2778,,,,,,,,,,,2.13333,63.0556,2.13333,67.3333,2.13333,20.9444,2.13333,83.8333,,,2.13333,18.1111,2.13333,88.5,,,2.13333,40.1667,,,2.13333,62.7778
2.26667,109.1667,2.26667,39.5,89.6111,2.26667,90.056,2.26667,77,2.26667,49,,,,,2.26667,80.6111,2.26667,42.2778,,,,,,,,,,,,,,,2.26667,30.9444,,,2.26667,78.2222,,,,,,,,,,,2.26667,44.5,,,,,,,,,,,2.26667,75.3889,,,,,,,,,,,,,,,,,,,2.26667,48.2222,,,,,,,2.26667,38.5556,,,,,,,,,2.26667,84.278,,,2.26667,44.7222,2.26667,114.0556,,,,,,,2.26667,64.0556,,,2.26667,88.0556,2.26667,89.6111,,,2.26667,25.1667,,,2.26667,52.5,,,,,,,,,,,,,2.26667,89.8889,,,,,,,,,,,,,,,,,,,,,,,,,2.26667,60.3333,2.26667,45.3889,,,,,,,,,2.26667,59.7222,,,2.26667,73.2222,,,72.1111,,,2.26667,24.6667,,,,,,,,,,,,,,,2.26667,27.2778,,,,,2.26667,12,2.26667,92.5556,,,2.26667,47.7778,,,2.26667,70.7222
2.4,109.1667,2.4,35.3889,81.3333,2.4,107.944,2.4,64.7778,2.4,47.8889,,,,,2.4,78.3333,2.4,56.6111,,,,,,,,,,,,,,,2.4,13.6667,,,2.4,79.8333,,,,,,,,,,,2.4,19.2778,,,,,,,,,,,2.4,81.6667,,,,,,,,,,,,,,,,,,,2.4,67.2778,,,,,,,2.4,35.9444,,,,,,,,,2.4,98.056,,,,,2.4,112.1111,,,,,,,2.4,64.8333,,,2.4,98.4444,,,,,2.4,29.7222,,,2.4,35.3889,,,,,,,,,,,,,,,,,,,,,,,,,,,,,,,,,,,,,,,2.4,61.8889,2.4,61.8889,,,,,,,,,2.4,61.0556,,,2.4,75.3889,,,73.6667,,,2.4,0.6667,,,,,,,,,,,,,,,2.4,32.2778,,,,,2.4,13.3333,2.4,95.7222,,,2.4,47.9444,,,2.4,77.3333
2.53333,80.2778,2.53333,30.3889,50.8333,2.53333,112.389,2.53333,53.5556,2.53333,46.3333,,,,,2.53333,71.8333,2.53333,65.2778,,,,,,,,,,,,,,,,,,,2.53333,83.2778,,,,,,,,,,,,,,,,,,,,,,,,,,,,,,,,,,,,,,,,,,,,,,,,,,,2.53333,23.8889,,,,,,,,,2.53333,103.556,,,,,2.53333,107.9444,,,,,,,2.53333,71.1667,,,2.53333,100.5556,,,,,2.53333,48.6667,,,,,,,,,,,,,,,,,,,,,,,,,,,,,,,,,,,,,,,,,,,,,2.53333,71.1667,,,,,,,,,,,,,2.53333,72.9444,,,47.3333,,,,,,,,,,,,,,,,,,,2.53333,36.2222,,,,,2.53333,23.1111,,,,,2.53333,49.9444,,,2.53333,77.2778
,,2.66667,16.5,,2.66667,106.333,2.66667,40.9444,2.66667,22.1667,,,,,2.66667,65.6111,2.66667,69.7222,,,,,,,,,,,,,,,,,,,2.66667,83.1667,,,,,,,,,,,,,,,,,,,,,,,,,,,,,,,,,,,,,,,,,,,,,,,,,,,,,,,,,,,,,,,,,,,2.66667,95.8889,,,,,,,2.66667,77.7222,,,,,,,,,2.66667,80.0556,,,,,,,,,,,,,,,,,,,,,,,,,,,,,,,,,,,,,,,,,,,,,2.66667,75.6111,,,,,,,,,,,,,,,,,,,,,,,,,,,,,,,,,,,,,,,,,,2.66667,41.8889,,,,,2.66667,53.5,,,,
,,,,,,,2.8,21.8333,,,,,,,2.8,48.3889,2.8,78.6111,,,,,,,,,,,,,,,,,,,2.8,76.6111,,,,,,,,,,,,,,,,,,,,,,,,,,,,,,,,,,,,,,,,,,,,,,,,,,,,,,,,,,,,,,,,,,,,,,,,,,,,,,,,,,,,,,,,,,,,,,,,,,,,,,,,,,,,,,,,,,,,,,,,,,,,,,,,,,,2.8,72.6111,,,,,,,,,,,,,,,,,,,,,,,,,,,,,,,,,,,,,,,,,,2.8,53.1111,,,,,2.8,55.9444,,,,
,,,,,,,,,,,,,,,,,,,,,,,,,,,,,,,,,,,,,2.93333,68.1667,,,,,,,,,,,,,,,,,,,,,,,,,,,,,,,,,,,,,,,,,,,,,,,,,,,,,,,,,,,,,,,,,,,,,,,,,,,,,,,,,,,,,,,,,,,,,,,,,,,,,,,,,,,,,,,,,,,,,,,,,,,,,,,,,,,,,,,,,,,,,,,,,,,,,,,,,,,,,,,,,,,,,,,,,,,,,,2.93333,56.8889,,,,,2.93333,58.5556,,,,
,,,,,,,,,,,,,,,,,,,,,,,,,,,,,,,,,,,,,3.06667,53.3889,,,,,,,,,,,,,,,,,,,,,,,,,,,,,,,,,,,,,,,,,,,,,,,,,,,,,,,,,,,,,,,,,,,,,,,,,,,,,,,,,,,,,,,,,,,,,,,,,,,,,,,,,,,,,,,,,,,,,,,,,,,,,,,,,,,,,,,,,,,,,,,,,,,,,,,,,,,,,,,,,,,,,,,,,,,,,,3.06667,59.7778,,,,,3.06667,59.2778,,,,
,,,,,,,,,,,,,,,,,,,,,,,,,,,,,,,,,,,,,3.2,34.2778,,,,,,,,,,,,,,,,,,,,,,,,,,,,,,,,,,,,,,,,,,,,,,,,,,,,,,,,,,,,,,,,,,,,,,,,,,,,,,,,,,,,,,,,,,,,,,,,,,,,,,,,,,,,,,,,,,,,,,,,,,,,,,,,,,,,,,,,,,,,,,,,,,,,,,,,,,,,,,,,,,,,,,,,,,,,,,3.2,58,,,,,3.2,60.2778,,,,
